time,seconds_elapsed,z,y,x
1700810755062863000,0.430863037109375,8.770259857177734,4.37420654296875,-0.3974374830722809
1700810755072863200,0.44086328125,8.901941299438477,4.381389141082764,-0.4165911078453064
1700810755082863000,0.450863037109375,9.10066032409668,4.333505153656006,-0.5434837937355042
1700810755092863200,0.46086328125,9.148544311523438,4.2975921630859375,-0.5770025849342346
1700810755102863000,0.470863037109375,9.256282806396484,4.343081951141357,-0.47405192255973816
1700810755112863200,0.48086328125,9.299378395080566,4.1874589920043945,-0.5386953949928284
1700810755122863000,0.490863037109375,9.064746856689453,4.223371982574463,-0.545877993106842
1700810755132863200,0.50086328125,8.787019729614258,4.376600742340088,-0.5123591423034668
1700810755142863000,0.510863037109375,8.607454299926758,4.49870491027832,-0.45010992884635925
1700810755152863200,0.52086328125,8.418312072753906,4.613626480102539,-0.3902548849582672
1700810755162863000,0.530863037109375,8.420706748962402,4.608838081359863,-0.40940847992897034
1700810755172863200,0.54086328125,8.552388191223145,4.616020679473877,-0.5339069962501526
1700810755182863000,0.550863037109375,8.688857078552246,4.644751071929932,-0.6392518281936646
1700810755192863200,0.56086328125,8.770259857177734,4.654327869415283,-0.6440402865409851
1700810755202863000,0.570863037109375,8.854057312011719,4.623203277587891,-0.5913678407669067
1700810755212863200,0.58086328125,8.801384925842285,4.577713489532471,-0.5554547905921936
1700810755222863000,0.590863037109375,8.602665901184082,4.565742492675781,-0.5267243981361389
1700810755232863200,0.60086328125,8.478167533874512,4.5825018882751465,-0.4812345504760742
1700810755242863000,0.610863037109375,8.420706748962402,4.656722068786621,-0.5219359993934631
1700810755252863200,0.62086328125,8.463802337646484,4.745307922363281,-0.6248866319656372
1700810755262863000,0.630863037109375,8.576330184936523,4.78122091293335,-0.7733271718025208
1700810755272863200,0.64086328125,8.722375869750977,4.797980308532715,-0.8930372595787048
1700810755282863000,0.650863037109375,8.801384925842285,4.8267107009887695,-0.9217676520347595
1700810755292863200,0.66086328125,8.74152946472168,4.853046894073486,-0.8786720037460327
1700810755302863000,0.670863037109375,8.482955932617188,4.910807132720947,-0.7972691655158997
1700810755312863200,0.68086328125,8.171710014343262,4.977844715118408,-0.6655880808830261
1700810755322863000,0.690863037109375,7.9969329833984375,5.023334503173828,-0.5985504388809204
1700810755332863200,0.70086328125,7.910741806030273,5.054459095001221,-0.6584054827690125
1700810755342863000,0.710863037109375,7.889194011688232,5.073612689971924,-0.790086567401886
1700810755352863200,0.72086328125,7.81257963180542,5.087977886199951,-0.9169792532920837
1700810755362863000,0.730863037109375,7.779060363769531,5.119102478027344,-0.8930372595787048
1700810755372863200,0.74086328125,7.776666164398193,5.083189487457275,-0.8738836050033569
1700810755382863000,0.750863037109375,7.719205379486084,5.047276496887207,-0.9002198576927185
1700810755392863200,0.76086328125,7.721599578857422,5.073612689971924,-0.8667010068893433
1700810755402863000,0.770863037109375,7.7072343826293945,5.0161519050598145,-0.7852981686592102
1700810755412863200,0.78086328125,7.702445983886719,4.920383930206299,-0.7493851184844971
1700810755422863000,0.790863037109375,7.690474987030029,4.843470096588135,-0.6560112833976746
1700810755432863200,0.80086328125,7.98256778717041,4.764461517333984,-0.5722141861915588
1700810755442863000,0.810863037109375,8.439860343933105,4.69024133682251,-0.7709329724311829
1700810755452863200,0.82086328125,9.028834342956543,4.6255974769592285,-0.8786720037460327
1700810755462863400,0.83086328125,9.447818756103516,4.584896087646484,-0.8786720037460327
1700810755472863200,0.84086328125,9.696816444396973,4.563348293304443,-0.7709329724311829
1700810755482863400,0.85086328125,9.80455493927002,4.505887508392334,-0.6129156351089478
1700810755492863200,0.86086328125,9.809343338012695,4.443638324737549,-0.524330198764801
1700810755502863400,0.87086328125,9.672874450683594,4.395754337310791,-0.4884171485900879
1700810755512863200,0.88086328125,9.435848236083984,4.448426723480225,-0.49799394607543945
1700810755522863400,0.89086328125,9.17009162902832,4.455609321594238,-0.507570743560791
1700810755532863200,0.90086328125,9.019257545471191,4.508281707763672,-0.4908113479614258
1700810755542863400,0.91086328125,8.858845710754395,4.508281707763672,-0.5219359993934631
1700810755552863200,0.92086328125,8.70801067352295,4.508281707763672,-0.5626373887062073
1700810755562863400,0.93086328125,8.748712539672852,4.525041103363037,-0.47644615173339844
1700810755572863200,0.94086328125,8.882787704467773,4.484339714050293,-0.42377370595932007
1700810755582863400,0.95086328125,8.980949401855469,4.398148536682129,-0.44532153010368347
1700810755592863200,0.96086328125,8.976161003112793,4.369418144226074,-0.3758896589279175
1700810755602863400,0.97086328125,8.875604629516602,4.41969633102417,-0.3687070608139038
1700810755612863200,0.98086328125,8.7391357421875,4.426878929138184,-0.37828385829925537
1700810755622863400,0.99086328125,8.545205116271973,4.424484729766846,-0.3663128614425659
1700810755632863200,1.00086328125,8.368034362792969,4.503493309020996,-0.42377370595932007
1700810755642863400,1.01086328125,8.178892135620117,4.580107688903809,-0.48602294921875
1700810755652863200,1.02086328125,7.9945387840271,4.668693542480469,-0.48602294921875
1700810755662863400,1.03086328125,7.898770809173584,4.72376012802124,-0.5099649429321289
1700810755672863200,1.04086328125,7.838915824890137,4.7836151123046875,-0.5770025849342346
1700810755682863400,1.05086328125,7.941866397857666,4.833893299102783,-0.569819986820221
1700810755692863200,1.06086328125,8.212410926818848,4.817133903503418,-0.6009446382522583
1700810755702863400,1.07086328125,8.521263122558594,4.754884719848633,-0.6871358752250671
1700810755712863200,1.08086328125,8.755894660949707,4.774038314819336,-0.7829039692878723
1700810755722863400,1.09086328125,8.928277015686035,4.774038314819336,-0.8212111592292786
1700810755732863200,1.10086328125,9.033622741699219,4.752490520477295,-0.8667010068893433
1700810755742863400,1.11086328125,9.059958457946777,4.709394931793213,-0.8595184087753296
1700810755752863200,1.12086328125,9.026439666748047,4.702212333679199,-0.7613561153411865
1700810755762863000,1.130863037109375,8.966584205627441,4.711789131164551,-0.6799532771110535
1700810755772863200,1.14086328125,8.846874237060547,4.6950297355651855,-0.6105214357376099
1700810755782863000,1.150863037109375,8.712799072265625,4.683058738708496,-0.5386953949928284
1700810755792863000,1.160863037109375,8.549993515014648,4.644751071929932,-0.5003881454467773
1700810755802863000,1.170863037109375,8.43507194519043,4.630385875701904,-0.5099649429321289
1700810755812863000,1.180863037109375,8.415918350219727,4.651933670043945,-0.5410895943641663
1700810755822863000,1.190863037109375,8.535628318786621,4.608838081359863,-0.6320692300796509
1700810755832863000,1.200863037109375,8.722375869750977,4.618414878845215,-0.7374141216278076
1700810755842863000,1.210863037109375,8.846874237060547,4.623203277587891,-0.6919242739677429
1700810755852863000,1.220863037109375,8.822932243347168,4.613626480102539,-0.608127236366272
1700810755862863000,1.230863037109375,8.710405349731445,4.6950297355651855,-0.5817909836769104
1700810755872863000,1.240863037109375,8.743924140930176,4.699818134307861,-0.5339069962501526
1700810755882863000,1.250863037109375,8.585906982421875,4.738125324249268,-0.4884171485900879
1700810755892863000,1.260863037109375,8.52365779876709,4.7836151123046875,-0.5889736413955688
1700810755902863000,1.270863037109375,8.43507194519043,4.788403511047363,-0.6368576288223267
1700810755912863000,1.280863037109375,8.279448509216309,4.8722004890441895,-0.5674257874488831
1700810755922863000,1.290863037109375,8.116642951965332,4.874594688415527,-0.6967126727104187
1700810755932863000,1.300863037109375,8.001721382141113,4.874594688415527,-0.667982280254364
1700810755942863000,1.310863037109375,8.068758964538574,4.901230335235596,-0.6751648783683777
1700810755952863000,1.320863037109375,8.159738540649414,4.9275665283203125,-0.7709329724311829
1700810755962863000,1.330863037109375,8.226776123046875,4.9060187339782715,-0.8259995579719543
1700810755972863000,1.340863037109375,8.37761116027832,4.939537525177002,-0.9169792532920837
1700810755982863000,1.350863037109375,8.420706748962402,4.908412933349609,-0.912190854549408
1700810755992863000,1.360863037109375,8.638579368591309,4.901230335235596,-0.9289502501487732
1700810756002863000,1.370863037109375,8.77265453338623,4.843470096588135,-0.9241618514060974
1700810756012863000,1.380863037109375,8.83011531829834,4.757278919219971,-0.8044517636299133
1700810756022863000,1.390863037109375,8.846874237060547,4.711789131164551,-0.6536170840263367
1700810756032863000,1.400863037109375,8.822932243347168,4.639962673187256,-0.45489832758903503
1700810756042863000,1.410863037109375,8.770259857177734,4.594472885131836,-0.40222588181495667
1700810756052863000,1.420863037109375,8.667309761047363,4.623203277587891,-0.4644751250743866
1700810756062863000,1.430863037109375,8.566753387451172,4.675876140594482,-0.6153098344802856
1700810756072863000,1.440863037109375,8.499714851379395,4.747702121734619,-0.7422025203704834
1700810756082863000,1.450863037109375,8.444648742675781,4.790797710418701,-0.8188169598579407
1700810756092863200,1.46086328125,8.394370079040527,4.8051629066467285,-0.9074024558067322
1700810756102863000,1.470863037109375,8.449437141418457,4.8051629066467285,-0.8571242094039917
1700810756112863200,1.48086328125,8.509291648864746,4.764461517333984,-0.7613561153411865
1700810756122863000,1.490863037109375,8.612242698669434,4.685452938079834,-0.6105214357376099
1700810756132863200,1.50086328125,8.660126686096191,4.618414878845215,-0.4812345504760742
1700810756142863000,1.510863037109375,8.672098159790039,4.596867084503174,-0.40701428055763245
1700810756152863200,1.52086328125,8.626607894897461,4.620809078216553,-0.42856210470199585
1700810756162863000,1.530863037109375,8.660126686096191,4.654327869415283,-0.5051765441894531
1700810756172863200,1.54086328125,8.803778648376465,4.709394931793213,-0.7086837291717529
1700810756182863000,1.550863037109375,8.810961723327637,4.750096321105957,-0.7924807667732239
1700810756192863200,1.56086328125,8.751106262207031,4.764461517333984,-0.811634361743927
1700810756202863000,1.570863037109375,8.566753387451172,4.764461517333984,-0.7158663272857666
1700810756212863200,1.58086328125,8.427888870239258,4.800374507904053,-0.6248866319656372
1700810756225480000,1.59347998046875,8.205228805541992,4.867412090301514,-0.6344634294509888
1700810756235479800,1.603479736328125,8.183680534362793,4.922778129577637,-0.6105214357376099
1700810756245480000,1.61347998046875,8.262689590454102,4.910807132720947,-0.5386953949928284
1700810756255479800,1.623479736328125,8.449437141418457,4.879383087158203,-0.6177040338516235
1700810756265480000,1.63347998046875,8.734347343444824,4.831499099731445,-0.7445967197418213
1700810756275479800,1.643479736328125,8.834903717041016,4.833893299102783,-0.8451532125473022
1700810756285480000,1.65347998046875,8.861239433288574,4.884171485900879,-0.7493851184844971
1700810756295479800,1.663479736328125,9.014469146728516,4.78122091293335,-0.6727706789970398
1700810756305481000,1.67348095703125,9.002497673034668,4.714183330535889,-0.5602431893348694
1700810756315480800,1.683480712890625,9.064746856689453,4.747702121734619,-0.2849099934101105
1700810756325481000,1.69348095703125,8.937853813171387,4.771644115447998,-0.19871874153614044
1700810756335480800,1.703480712890625,8.746317863464355,4.800374507904053,-0.07900865375995636
1700810756345481000,1.71348095703125,8.676886558532715,4.766855716705322,-0.07422025501728058
1700810756355480800,1.723480712890625,8.59308910369873,4.757278919219971,-0.0454898327589035
1700810756365481000,1.73348095703125,8.439860343933105,4.76924991607666,-0.023942016065120697
1700810756375480800,1.743480712890625,8.257901191711426,4.793191909790039,-0.047884032130241394
1700810756385481000,1.75348095703125,8.12861442565918,4.829104900360107,-0.038307227194309235
1700810756395480800,1.763480712890625,8.047211647033691,4.874594688415527,0.0071826050989329815
1700810756405481000,1.77348095703125,8.04002857208252,4.881777286529541,0.047884032130241394
1700810756415480800,1.783480712890625,8.138191223144531,4.881777286529541,0.011971008032560349
1700810756425481000,1.79348095703125,8.23156452178955,4.831499099731445,-0.016759412363171577
1700810756435480800,1.803480712890625,8.449437141418457,4.829104900360107,0.002394201699644327
1700810756445481000,1.81348095703125,8.626607894897461,4.771644115447998,-0.043095629662275314
1700810756455480800,1.823480712890625,8.789413452148438,4.714183330535889,-0.0694318488240242
1700810756465481000,1.83348095703125,8.83250904083252,4.726154327392578,0.05267243832349777
1700810756475480800,1.843480712890625,8.729558944702148,4.771644115447998,0.12689268589019775
1700810756485481000,1.85348095703125,8.418312072753906,4.8482584953308105,0.17477671802043915
1700810756495480800,1.863480712890625,8.193257331848145,4.92996072769165,0.2322375625371933
1700810756505481000,1.87348095703125,7.980173587799072,4.9922099113464355,0.17717093229293823
1700810756515480800,1.883480712890625,7.915530204772949,5.0592474937438965,0.0454898327589035
1700810756525481000,1.89348095703125,7.968202590942383,5.095160484313965,-0.0933738648891449
1700810756535480800,1.903480712890625,8.078335762023926,5.085583686828613,-0.1843535304069519
1700810756545481000,1.91348095703125,8.229170799255371,5.02094030380249,-0.19393034279346466
1700810756555480800,1.923480712890625,8.317755699157715,5.008969306945801,-0.1867477297782898
1700810756565481000,1.93348095703125,8.456619262695312,4.980238914489746,-0.1867477297782898
1700810756575480800,1.943480712890625,8.552388191223145,4.958691120147705,-0.06224924325942993
1700810756585481000,1.95348095703125,8.798990249633789,4.908412933349609,-0.16519992053508759
1700810756595480800,1.963480712890625,9.004891395568848,4.879383087158203,-0.08379705995321274
1700810756605480000,1.97347998046875,8.98813247680664,4.836287498474121,-0.090979665517807
1700810756615479800,1.983479736328125,9.057564735412598,4.829104900360107,0.06224924325942993
1700810756625480000,1.99347998046875,9.028834342956543,4.7620673179626465,0.07900865375995636
1700810756635479800,2.003479736328125,8.95461368560791,4.802768707275391,0.28730419278144836
1700810756645480000,2.01347998046875,8.758289337158203,4.81473970413208,0.42377370595932007
1700810756655479800,2.023479736328125,8.569147109985352,4.876988887786865,0.4357447028160095
1700810756665480000,2.03347998046875,8.487744331359863,4.913201332092285,0.3878606855869293
1700810756675479800,2.043479736328125,8.396764755249023,4.898836135864258,0.26815059781074524
1700810756685480000,2.05347998046875,8.375216484069824,4.8937482833862305,0.14844051003456116
1700810756695479800,2.063479736328125,8.43507194519043,4.968267917633057,0.11971008777618408
1700810756705480000,2.07347998046875,8.485349655151367,4.989815711975098,-0.033518824726343155
1700810756715479800,2.083479736328125,8.497321128845215,4.944325923919678,-0.07661445438861847
1700810756725480000,2.09347998046875,8.451830863952637,4.934749126434326,-0.0454898327589035
1700810756735479800,2.103479736328125,8.389581680297852,4.910807132720947,0.05267243832349777
1700810756745480000,2.11347998046875,8.430283546447754,4.8722004890441895,0.15801730751991272
1700810756755479800,2.123479736328125,8.602665901184082,4.831499099731445,0.1867477297782898
1700810756765480000,2.13347998046875,8.715193748474121,4.786009311676025,0.31124621629714966
1700810756775479800,2.143479736328125,8.7175874710083,4.7620673179626465,0.3447650372982025
1700810756785480000,2.15347998046875,8.667309761047363,4.726154327392578,0.45250412821769714
1700810756795479800,2.163479736328125,8.530839920043945,4.699818134307861,0.5339069962501526
1700810756805480000,2.17347998046875,8.4015531539917,4.659116744995117,0.5099649429321289
1700810756815479800,2.183479736328125,8.320150375366211,4.716577529907227,0.4644751250743866
1700810756825480000,2.19347998046875,8.312967300415039,4.771644115447998,0.3878606855869293
1700810756835479800,2.203479736328125,8.317755699157715,4.836287498474121,0.24181437492370605
1700810756845480000,2.21347998046875,8.399158477783203,4.869806289672852,0.10295066982507706
1700810756855479800,2.223479736328125,8.387187957763672,4.953902721405029,0.19632454216480255
1700810756865480000,2.23347998046875,8.32254409790039,4.953902721405029,0.23942017555236816
1700810756875479800,2.243479736328125,8.317755699157715,4.874594688415527,0.28969839215278625
1700810756885480000,2.25347998046875,8.353669166564941,4.865017890930176,0.395043283700943
1700810756895479800,2.263479736328125,8.34648609161377,4.8722004890441895,0.44771572947502136
1700810756905480000,2.27347998046875,8.384793281555176,4.917989730834961,0.47644615173339844
1700810756915479800,2.283479736328125,8.427888870239258,4.908412933349609,0.3878606855869293
1700810756925480000,2.29347998046875,8.408735275268555,4.937143325805664,0.31603461503982544
1700810756935479800,2.303479736328125,8.329727172851562,4.996998310089111,0.3256114423274994
1700810756945480000,2.31347998046875,8.265083312988281,5.006575107574463,0.40940847992897034
1700810756955479800,2.323479736328125,8.25550651550293,4.963479518890381,0.40701428055763245
1700810756965480000,2.33347998046875,8.312967300415039,5.02094030380249,0.33518823981285095
1700810756975479800,2.343479736328125,8.475772857666016,5.257966041564941,-0.2059013396501541
1700810756985480000,2.35347998046875,8.674491882324219,5.387253284454346,-0.5386953949928284
1700810756995479800,2.363479736328125,8.83011531829834,5.346551895141602,-0.4812345504760742
1700810757005480000,2.37347998046875,8.794201850891113,5.178957462310791,-0.21308395266532898
1700810757015479800,2.383479736328125,8.700828552246094,5.018546104431152,0.08140286058187485
1700810757025480000,2.39347998046875,8.619425773620605,4.908412933349609,0.304063618183136
1700810757035479800,2.403479736328125,8.68406867980957,4.898836135864258,0.40462008118629456
1700810757045480000,2.41347998046875,8.77265453338623,4.9706621170043945,0.40940847992897034
1700810757055479800,2.423479736328125,8.80856704711914,4.989815711975098,0.35673606395721436
1700810757065480000,2.43347998046875,8.743924140930176,4.94193172454834,0.33758243918418884
1700810757075479800,2.443479736328125,8.549993515014648,4.908412933349609,0.40222588181495667
1700810757085480000,2.45347998046875,8.360851287841797,4.888959884643555,0.42856210470199585
1700810757095479800,2.463479736328125,8.16213321685791,4.9060187339782715,0.3495534360408783
1700810757105480000,2.47347998046875,8.133402824401855,4.939537525177002,0.19632454216480255
1700810757115479800,2.483479736328125,8.097489356994629,4.862623691558838,0.21308395266532898
1700810757125480000,2.49347998046875,8.171710014343262,4.853046894073486,0.1843535304069519
1700810757135479800,2.503479736328125,8.272266387939453,4.884171485900879,0.10773907601833344
1700810757145480000,2.51347998046875,8.351274490356445,4.853046894073486,0.2082955539226532
1700810757155479800,2.523479736328125,8.34648609161377,4.879383087158203,0.30885201692581177
1700810757165480000,2.53347998046875,8.447042465209961,4.884171485900879,0.2992752194404602
1700810757175479800,2.543479736328125,8.480561256408691,4.891354084014893,0.33518823981285095
1700810757185480000,2.55347998046875,8.640973091125488,4.9275665283203125,0.24420857429504395
1700810757195479800,2.563479736328125,8.755894660949707,4.92996072769165,0.1867477297782898
1700810757205480000,2.57347998046875,8.937853813171387,4.985027313232422,0.1149216815829277
1700810757215479800,2.583479736328125,9.000102996826172,5.023334503173828,0.10534487664699554
1700810757225480000,2.59347998046875,8.820538520812988,4.982633113861084,0.20111294090747833
1700810757235479800,2.603479736328125,8.595483779907227,5.011363506317139,0.19153612852096558
1700810757245480000,2.61347998046875,8.425495147705078,5.0807952880859375,0.17477671802043915
1700810757255479800,2.623479736328125,8.25311279296875,5.116708278656006,0.10534487664699554
1700810757265480000,2.63347998046875,8.099884033203125,5.0807952880859375,0.09816227108240128
1700810757275479800,2.643479736328125,7.999327182769775,5.071218490600586,0.08140286058187485
1700810757285480000,2.65347998046875,7.980173587799072,5.073612689971924,0.19632454216480255
1700810757295479800,2.663479736328125,8.008903503417969,5.028122901916504,0.28730419278144836
1700810757305480000,2.67347998046875,8.1046724319458,4.98742151260376,0.26815059781074524
1700810757315479800,2.683479736328125,8.243535995483398,4.97545051574707,0.20350714027881622
1700810757325480000,2.69347998046875,8.339303970336914,4.968267917633057,0.17238251864910126
1700810757335479800,2.703479736328125,8.351274490356445,4.915595531463623,0.12689268589019775
1700810757345480000,2.71347998046875,8.348880767822266,4.922778129577637,0.17238251864910126
1700810757355479800,2.723479736328125,8.336909294128418,4.9275665283203125,0.14844051003456116
1700810757365480000,2.73347998046875,8.262689590454102,4.963479518890381,0.17238251864910126
1700810757375479800,2.743479736328125,8.19804573059082,4.958691120147705,0.2322375625371933
1700810757385480000,2.75347998046875,8.181286811828613,4.97545051574707,0.22505496442317963
1700810757395479800,2.763479736328125,8.200440406799316,4.9706621170043945,0.29209262132644653
1700810757405480000,2.77347998046875,8.238747596740723,4.9275665283203125,0.26815059781074524
1700810757415479800,2.783479736328125,8.561964988708496,4.874594688415527,0.19871874153614044
1700810757425480000,2.79347998046875,8.83250904083252,4.836287498474121,0.17238251864910126
1700810757435479800,2.803479736328125,8.95700740814209,4.81473970413208,0.1149216815829277
1700810757445480000,2.81347998046875,9.021651268005371,4.8267107009887695,0.15083470940589905
1700810757455479800,2.823479736328125,9.004891395568848,4.855441093444824,0.23942017555236816
1700810757465480000,2.83347998046875,8.834903717041016,4.862623691558838,0.17956513166427612
1700810757475479800,2.843479736328125,8.645761489868164,4.944325923919678,0.1388636976480484
1700810757485480000,2.85347998046875,8.403946876525879,5.02094030380249,0.090979665517807
1700810757495479800,2.863479736328125,8.224382400512695,5.030517101287842,0.06703764945268631
1700810757505479700,2.873479736328125,8.16213321685791,5.02094030380249,0.05267243832349777
1700810757515479600,2.8834794921875,8.181286811828613,4.989815711975098,0.05985504388809204
1700810757525479700,2.893479736328125,8.238747596740723,4.925172328948975,0.10773907601833344
1700810757535479600,2.9034794921875,8.415918350219727,4.917989730834961,0.07900865375995636
1700810757545479700,2.913479736328125,8.573935508728027,4.901230335235596,0.11252748221158981
1700810757555479600,2.9234794921875,8.621819496154785,4.886565685272217,0.08858546614646912
1700810757565479700,2.933479736328125,8.751106262207031,4.917989730834961,-0.0454898327589035
1700810757575479600,2.9434794921875,8.770259857177734,4.956296920776367,-0.1364694982767105
1700810757585479700,2.953479736328125,8.696040153503418,5.004180908203125,-0.11971008777618408
1700810757595479600,2.9634794921875,8.545205116271973,5.011363506317139,-0.14844051003456116
1700810757605479700,2.973479736328125,8.41112995147705,5.02094030380249,-0.0694318488240242
1700810757615479600,2.9834794921875,8.274660110473633,4.999392509460449,-0.06224924325942993
1700810757625479700,2.993479736328125,8.142979621887207,4.985027313232422,0.004788403399288654
1700810757635479600,3.0034794921875,8.109460830688477,4.985027313232422,0.05027823522686958
1700810757645479700,3.013479736328125,8.133402824401855,4.9491143226623535,0.06703764945268631
1700810757655479600,3.0234794921875,8.260294914245605,4.917989730834961,0.13407529890537262
1700810757665479700,3.033479736328125,8.463802337646484,4.901230335235596,0.0454898327589035
1700810757675479600,3.0434794921875,8.655338287353516,4.8602294921875,0.035913024097681046
1700810757685479700,3.053479736328125,8.751106262207031,4.831499099731445,0.0933738648891449
1700810757695479600,3.0634794921875,8.77504825592041,4.819528102874756,0.1173158809542656
1700810757705479700,3.073479736328125,8.722375869750977,4.879383087158203,0.0694318488240242
1700810757715479600,3.0834794921875,8.633790969848633,4.9491143226623535,0.016759412363171577
1700810757725479700,3.093479736328125,8.516474723815918,4.98742151260376,-0.10534487664699554
1700810757735479600,3.1034794921875,8.459013938903809,5.0161519050598145,-0.20111294090747833
1700810757745479700,3.113479736328125,8.432677268981934,5.013757705688477,-0.1867477297782898
1700810757755479600,3.1234794921875,8.588300704956055,4.939537525177002,-0.17717093229293823
1700810757765479400,3.1334794921875,8.703222274780273,4.908412933349609,-0.019153613597154617
1700810757775479600,3.1434794921875,8.784625053405762,4.843470096588135,0.14844051003456116
1700810757785479400,3.1534794921875,8.83250904083252,4.800374507904053,0.19153612852096558
1700810757795479600,3.1634794921875,8.7175874710083,4.809951305389404,0.2082955539226532
1700810757805479700,3.173479736328125,8.549993515014648,4.8937482833862305,0.20111294090747833
1700810757815479800,3.183479736328125,8.370428085327148,4.9275665283203125,0.06464344263076782
1700810757825479700,3.193479736328125,8.224382400512695,4.9491143226623535,0
1700810757835479800,3.203479736328125,8.090307235717773,5.006575107574463,-0.047884032130241394
1700810757845479700,3.213479736328125,8.075942039489746,5.030517101287842,-0.10055647045373917
1700810757855479800,3.223479736328125,8.1046724319458,5.004180908203125,-0.10534487664699554
1700810757865479700,3.233479736328125,8.138191223144531,4.958691120147705,-0.0454898327589035
1700810757875479800,3.243479736328125,8.233959197998047,4.903624534606934,-0.016759412363171577
1700810757885479700,3.253479736328125,8.3800048828125,4.867412090301514,-0.009576806798577309
1700810757895479800,3.263479736328125,8.576330184936523,4.838681697845459,0.038307227194309235
1700810757905479700,3.273479736328125,8.68406867980957,4.819528102874756,0.06703764945268631
1700810757915479800,3.283479736328125,8.743924140930176,4.843470096588135,0.06464344263076782
1700810757925479700,3.293479736328125,8.688857078552246,4.879383087158203,0.0933738648891449
1700810757935479800,3.303479736328125,8.64815616607666,4.869806289672852,0.0933738648891449
1700810757945479700,3.313479736328125,8.569147109985352,4.89644193649292,0.090979665517807
1700810757955479800,3.323479736328125,8.511686325073242,4.876988887786865,0.07661445438861847
1700810757965479700,3.333479736328125,8.475772857666016,4.9060187339782715,-0.016759412363171577
1700810757975479800,3.343479736328125,8.418312072753906,4.925172328948975,-0.07661445438861847
1700810757985479700,3.353479736328125,8.348880767822266,4.920383930206299,-0.08379705995321274
1700810757995479800,3.363479736328125,8.399158477783203,4.920383930206299,-0.07182604819536209
1700810758005480000,3.37347998046875,8.5595703125,4.920383930206299,-0.07182604819536209
1700810758015479800,3.383479736328125,8.710405349731445,4.917989730834961,-0.12928688526153564
1700810758025480000,3.39347998046875,8.7391357421875,4.903624534606934,-0.1364694982767105
1700810758035479800,3.403479736328125,8.672098159790039,4.925172328948975,-0.05985504388809204
1700810758045480000,3.41347998046875,8.578723907470703,4.89644193649292,0.05985504388809204
1700810758055479800,3.423479736328125,8.447042465209961,4.8482584953308105,0.11013327538967133
1700810758065480000,3.43347998046875,8.360851287841797,4.81473970413208,0.13168109953403473
1700810758075479800,3.443479736328125,8.394370079040527,4.807557106018066,0.090979665517807
1700810758085480000,3.45347998046875,8.456619262695312,4.876988887786865,0.004788403399288654
1700810758095479800,3.463479736328125,8.528446197509766,4.845864295959473,-0.023942016065120697
1700810758105480000,3.47347998046875,8.55717658996582,4.841075897216797,-0.033518824726343155
1700810758115479800,3.483479736328125,8.576330184936523,4.831499099731445,0.031124621629714966
1700810758125480000,3.49347998046875,8.530839920043945,4.81473970413208,0.12689268589019775
1700810758135479800,3.503479736328125,8.487744331359863,4.766855716705322,0.16519992053508759
1700810758145480000,3.51347998046875,8.497321128845215,4.774038314819336,0.1173158809542656
1700810758155479800,3.523479736328125,8.561964988708496,4.778826713562012,-0.004788403399288654
1700810758165480000,3.53347998046875,8.578723907470703,4.812345504760742,-0.06464344263076782
1700810758175479800,3.543479736328125,8.573935508728027,4.8937482833862305,-0.11013327538967133
1700810758185480000,3.55347998046875,8.5595703125,4.944325923919678,-0.1604115068912506
1700810758195479800,3.563479736328125,8.609848976135254,4.94193172454834,-0.10055647045373917
1700810758205480000,3.57347998046875,8.652944564819336,4.898836135864258,-0.019153613597154617
1700810758215479800,3.583479736328125,8.64815616607666,4.908412933349609,-0.0071826050989329815
1700810758225480000,3.59347998046875,8.621819496154785,4.922778129577637,-0.016759412363171577
1700810758235479800,3.603479736328125,8.576330184936523,4.874594688415527,0.014365210197865963
1700810758245480000,3.61347998046875,8.545205116271973,4.867412090301514,-0.014365210197865963
1700810758255479800,3.623479736328125,8.506897926330566,4.8482584953308105,-0.05267243832349777
1700810758265480000,3.63347998046875,8.494926452636719,4.845864295959473,-0.043095629662275314
1700810758275479800,3.643479736328125,8.50210952758789,4.886565685272217,-0.038307227194309235
1700810758285480000,3.65347998046875,8.480561256408691,4.881777286529541,-0.0694318488240242
1700810758295479800,3.663479736328125,8.449437141418457,4.891354084014893,-0.07182604819536209
1700810758305480000,3.67347998046875,8.480561256408691,4.9060187339782715,-0.0694318488240242
1700810758315479800,3.683479736328125,8.480561256408691,4.862623691558838,0.028730420395731926
1700810758325480000,3.69347998046875,8.50210952758789,4.790797710418701,0.07900865375995636
1700810758335479800,3.703479736328125,8.480561256408691,4.78122091293335,0.12210428714752197
1700810758345480000,3.71347998046875,8.47098445892334,4.776432514190674,0.1173158809542656
1700810758355479800,3.723479736328125,8.463802337646484,4.766855716705322,0.05267243832349777
1700810758365480000,3.73347998046875,8.430283546447754,4.821922302246094,-0.040701430290937424
1700810758375479800,3.743479736328125,8.439860343933105,4.857835292816162,-0.06703764945268631
1700810758385480000,3.75347998046875,8.454225540161133,4.857835292816162,-0.033518824726343155
1700810758395479800,3.763479736328125,8.511686325073242,4.800374507904053,-0.011971008032560349
1700810758405480000,3.77347998046875,8.588300704956055,4.821922302246094,0.026336219161748886
1700810758415479800,3.783479736328125,8.698433876037598,4.824316501617432,0.11252748221158981
1700810758425480000,3.79347998046875,8.736741065979004,4.812345504760742,0.0694318488240242
1700810758435479800,3.803479736328125,8.763077735900879,4.771644115447998,0.05746084079146385
1700810758445480000,3.81347998046875,8.751106262207031,4.76924991607666,0.090979665517807
1700810758455479800,3.823479736328125,8.7391357421875,4.786009311676025,0.05985504388809204
1700810758465480000,3.83347998046875,8.686463356018066,4.819528102874756,-0.009576806798577309
1700810758475479800,3.843479736328125,8.59069538116455,4.853046894073486,0.016759412363171577
1700810758485480000,3.85347998046875,8.492532730102539,4.867412090301514,0.009576806798577309
1700810758495479800,3.863479736328125,8.396764755249023,4.876988887786865,-0.033518824726343155
1700810758505480000,3.87347998046875,8.336909294128418,4.874594688415527,-0.05746084079146385
1700810758515479800,3.883479736328125,8.406341552734375,4.850652694702148,-0.05267243832349777
1700810758525480000,3.89347998046875,8.52365779876709,4.802768707275391,-0.06464344263076782
1700810758535479800,3.903479736328125,8.5595703125,4.778826713562012,-0.004788403399288654
1700810758545480000,3.91347998046875,8.61463737487793,4.72376012802124,0.15322890877723694
1700810758555479800,3.923479736328125,8.64815616607666,4.687847137451172,0.2059013396501541
1700810758565480000,3.93347998046875,8.669703483581543,4.69024133682251,0.17956513166427612
1700810758575479800,3.943479736328125,8.61703109741211,4.7620673179626465,0.15562310814857483
1700810758585480000,3.95347998046875,8.518868446350098,4.817133903503418,0.07661445438861847
1700810758595479800,3.963479736328125,8.432677268981934,4.841075897216797,0.019153613597154617
1700810758605480000,3.97347998046875,8.447042465209961,4.850652694702148,-0.035913024097681046
1700810758615479800,3.983479736328125,8.442254066467285,4.855441093444824,-0.11971008777618408
1700810758625480000,3.99347998046875,8.425495147705078,4.879383087158203,-0.2082955539226532
1700810758635479800,4.003479736328125,8.425495147705078,4.857835292816162,-0.14365209639072418
1700810758645480000,4.01347998046875,8.418312072753906,4.881777286529541,-0.028730420395731926
1700810758655479800,4.023479736328125,8.497321128845215,4.898836135864258,0.033518824726343155
1700810758665480000,4.03347998046875,8.571541786193848,4.886565685272217,0.05267243832349777
1700810758675479800,4.043479736328125,8.595483779907227,4.8722004890441895,0.07422025501728058
1700810758685480000,4.05347998046875,8.573935508728027,4.884171485900879,-0.023942016065120697
1700810758695479800,4.063479736328125,8.576330184936523,4.888959884643555,-0.05746084079146385
1700810758705480000,4.07347998046875,8.600272178649902,4.89644193649292,-0.12689268589019775
1700810758715479800,4.083479736328125,8.595483779907227,4.886565685272217,-0.2346317619085312
1700810758725480000,4.09347998046875,8.636184692382812,4.865017890930176,-0.22505496442317963
1700810758735479800,4.103479736328125,8.629002571105957,4.908412933349609,-0.16759411990642548
1700810758745480000,4.11347998046875,8.619425773620605,4.8722004890441895,-0.05506663769483566
1700810758755479800,4.123479736328125,8.605060577392578,4.802768707275391,0.038307227194309235
1700810758765480000,4.13347998046875,8.59069538116455,4.774038314819336,0.07900865375995636
1700810758775479800,4.143479736328125,8.494926452636719,4.7189717292785645,0.12210428714752197
1700810758785480000,4.15347998046875,8.463802337646484,4.711789131164551,0.14365209639072418
1700810758795479800,4.163479736328125,8.444648742675781,4.697423934936523,0.12210428714752197
1700810758805480000,4.17347998046875,8.497321128845215,4.687847137451172,0.10295066982507706
1700810758815479800,4.183479736328125,8.547599792480469,4.683058738708496,0.08619125932455063
1700810758825480000,4.19347998046875,8.619425773620605,4.704606533050537,0.10055647045373917
1700810758835479800,4.203479736328125,8.74152946472168,4.752490520477295,0.040701430290937424
1700810758845480000,4.21347998046875,8.787019729614258,4.683058738708496,0.05267243832349777
1700810758855479800,4.223479736328125,8.688857078552246,4.69024133682251,0.08858546614646912
1700810758865480000,4.23347998046875,8.660126686096191,4.745307922363281,0.1173158809542656
1700810758875479800,4.243479736328125,8.607454299926758,4.764461517333984,0.15083470940589905
1700810758885480000,4.25347998046875,8.569147109985352,4.73573112487793,0.08140286058187485
1700810758895479800,4.263479736328125,8.59069538116455,4.7189717292785645,0.05985504388809204
1700810758905480000,4.27347998046875,8.612242698669434,4.7189717292785645,0.05746084079146385
1700810758915479800,4.283479736328125,8.59308910369873,4.754884719848633,0.05506663769483566
1700810758925480000,4.29347998046875,8.5811185836792,4.745307922363281,0.07182604819536209
1700810758935479800,4.303479736328125,8.588300704956055,4.750096321105957,0.0933738648891449
1700810758945480000,4.31347998046875,8.585906982421875,4.778826713562012,0.1149216815829277
1700810758955479800,4.323479736328125,8.602665901184082,4.764461517333984,0.07422025501728058
1700810758965480000,4.33347998046875,8.667309761047363,4.757278919219971,-0.014365210197865963
1700810758975479800,4.343479736328125,8.696040153503418,4.757278919219971,-0.043095629662275314
1700810758985480000,4.35347998046875,8.70801067352295,4.742913722991943,-0.05985504388809204
1700810758995479800,4.363479736328125,8.61463737487793,4.752490520477295,-0.038307227194309235
1700810759005480000,4.37347998046875,8.490138053894043,4.754884719848633,0.0694318488240242
1700810759015479800,4.383479736328125,8.447042465209961,4.788403511047363,0.10773907601833344
1700810759025480000,4.39347998046875,8.482955932617188,4.790797710418701,0.1628057211637497
1700810759035479800,4.403479736328125,8.485349655151367,4.786009311676025,0.1173158809542656
1700810759045480000,4.41347998046875,8.461407661437988,4.800374507904053,0.08858546614646912
1700810759055479800,4.423479736328125,8.459013938903809,4.841075897216797,0.05985504388809204
1700810759065480000,4.43347998046875,8.475772857666016,4.836287498474121,-0.026336219161748886
1700810759075479800,4.443479736328125,8.516474723815918,4.8602294921875,-0.09816227108240128
1700810759085480000,4.45347998046875,8.554781913757324,4.836287498474121,-0.08619125932455063
1700810759095479800,4.463479736328125,8.5811185836792,4.836287498474121,-0.12449848651885986
1700810759105480000,4.47347998046875,8.660126686096191,4.807557106018066,-0.09576806426048279
1700810759115479800,4.483479736328125,8.679280281066895,4.836287498474121,-0.033518824726343155
1700810759125480000,4.49347998046875,8.645761489868164,4.807557106018066,0.05746084079146385
1700810759135479800,4.503479736328125,8.638579368591309,4.7836151123046875,0.1412578970193863
1700810759145480000,4.51347998046875,8.61703109741211,4.774038314819336,0.16998831927776337
1700810759155479800,4.523479736328125,8.571541786193848,4.771644115447998,0.10773907601833344
1700810759165480000,4.53347998046875,8.538022994995117,4.81473970413208,0.002394201699644327
1700810759175479800,4.543479736328125,8.55717658996582,4.841075897216797,-0.07661445438861847
1700810759185480000,4.55347998046875,8.571541786193848,4.845864295959473,-0.06464344263076782
1700810759195479800,4.563479736328125,8.518868446350098,4.817133903503418,-0.023942016065120697
1700810759205480000,4.57347998046875,8.466196060180664,4.8051629066467285,0.026336219161748886
1700810759215479800,4.583479736328125,8.46859073638916,4.819528102874756,0.1149216815829277
1700810759225480000,4.59347998046875,8.41112995147705,4.757278919219971,0.10773907601833344
1700810759235479800,4.603479736328125,8.494926452636719,4.793191909790039,0.12449848651885986
1700810759245479700,4.613479736328125,8.5595703125,4.797980308532715,0.0933738648891449
1700810759255479800,4.623479736328125,8.5811185836792,4.790797710418701,0.07182604819536209
1700810759265479700,4.633479736328125,8.600272178649902,4.788403511047363,0.011971008032560349
1700810759275479800,4.643479736328125,8.573935508728027,4.807557106018066,-0.011971008032560349
1700810759285479700,4.653479736328125,8.52605152130127,4.821922302246094,0
1700810759295479800,4.663479736328125,8.459013938903809,4.824316501617432,0.014365210197865963
1700810759305479700,4.673479736328125,8.423100471496582,4.836287498474121,0.05267243832349777
1700810759315479800,4.683479736328125,8.454225540161133,4.802768707275391,0.08858546614646912
1700810759325479700,4.693479736328125,8.478167533874512,4.76924991607666,0.1364694982767105
1700810759335479800,4.703479736328125,8.545205116271973,4.738125324249268,0.1412578970193863
1700810759345479700,4.713479736328125,8.645761489868164,4.73573112487793,0.07182604819536209
1700810759355479800,4.723479736328125,8.748712539672852,4.750096321105957,0.10534487664699554
1700810759365480000,4.73347998046875,8.789413452148438,4.730942726135254,0.08619125932455063
1700810759375479800,4.743479736328125,8.787019729614258,4.747702121734619,0.021547814831137657
1700810759385480000,4.75347998046875,8.751106262207031,4.76924991607666,0.033518824726343155
1700810759395479800,4.763479736328125,8.664915084838867,4.807557106018066,0.10295066982507706
1700810759405480000,4.77347998046875,8.52605152130127,4.821922302246094,0.0694318488240242
1700810759415479800,4.783479736328125,8.432677268981934,4.81473970413208,0.05985504388809204
1700810759425480000,4.79347998046875,8.463802337646484,4.793191909790039,0.08379705995321274
1700810759435479800,4.803479736328125,8.499714851379395,4.7836151123046875,0.0933738648891449
1700810759445480000,4.81347998046875,8.569147109985352,4.771644115447998,0.07661445438861847
1700810759455479800,4.823479736328125,8.61463737487793,4.764461517333984,0.08619125932455063
1700810759465480000,4.83347998046875,8.607454299926758,4.757278919219971,0.05985504388809204
1700810759475479800,4.843479736328125,8.667309761047363,4.742913722991943,0.047884032130241394
1700810759485480000,4.85347998046875,8.672098159790039,4.78122091293335,0.05027823522686958
1700810759495479800,4.863479736328125,8.621819496154785,4.771644115447998,0.07900865375995636
1700810759505480000,4.87347998046875,8.533234596252441,4.76924991607666,0.12449848651885986
1700810759515479800,4.883479736328125,8.456619262695312,4.771644115447998,0.12210428714752197
1700810759525480000,4.89347998046875,8.399158477783203,4.778826713562012,0.12210428714752197
1700810759535479800,4.903479736328125,8.459013938903809,4.728548526763916,0.12689268589019775
1700810759545480000,4.91347998046875,8.439860343933105,4.73573112487793,0.0694318488240242
1700810759555479800,4.923479736328125,8.528446197509766,4.766855716705322,0.12210428714752197
1700810759565480000,4.93347998046875,8.602665901184082,4.742913722991943,0.17956513166427612
1700810759575479800,4.943479736328125,8.645761489868164,4.733336925506592,0.10534487664699554
1700810759585480000,4.95347998046875,8.640973091125488,4.73573112487793,0.12449848651885986
1700810759595479800,4.963479736328125,8.61703109741211,4.733336925506592,0.15083470940589905
1700810759605480000,4.97347998046875,8.588300704956055,4.714183330535889,0.16759411990642548
1700810759615479800,4.983479736328125,8.540416717529297,4.716577529907227,0.17477671802043915
1700810759625480000,4.99347998046875,8.542811393737793,4.728548526763916,0.15083470940589905
1700810759635479800,5.003479736328125,8.629002571105957,4.730942726135254,0.08619125932455063
1700810759645480000,5.01347998046875,8.70561695098877,4.752490520477295,0.031124621629714966
1700810759655479800,5.023479736328125,8.784625053405762,4.747702121734619,0.028730420395731926
1700810759665480000,5.03347998046875,8.875604629516602,4.738125324249268,-0.009576806798577309
1700810759675479800,5.043479736328125,8.904335021972656,4.757278919219971,0.023942016065120697
1700810759685480000,5.05347998046875,8.818143844604492,4.752490520477295,0.08619125932455063
1700810759695479800,5.063479736328125,8.65054988861084,4.771644115447998,0.14365209639072418
1700810759705480000,5.07347998046875,8.509291648864746,4.757278919219971,0.19153612852096558
1700810759715479800,5.083479736328125,8.327332496643066,4.757278919219971,0.15801730751991272
1700810759725480000,5.09347998046875,8.279448509216309,4.754884719848633,0.15083470940589905
1700810759735479800,5.103479736328125,8.262689590454102,4.774038314819336,0.10534487664699554
1700810759745480000,5.11347998046875,8.384793281555176,4.764461517333984,0.05506663769483566
1700810759755479800,5.123479736328125,8.561964988708496,4.778826713562012,-0.014365210197865963
1700810759765480000,5.13347998046875,8.729558944702148,4.754884719848633,-0.011971008032560349
1700810759775479800,5.143479736328125,8.782231330871582,4.745307922363281,0.06224924325942993
1700810759785480000,5.15347998046875,8.724770545959473,4.6950297355651855,0.15083470940589905
1700810759795479800,5.163479736328125,8.657732963562012,4.709394931793213,0.22744916379451752
1700810759805480000,5.17347998046875,8.535628318786621,4.714183330535889,0.24899697303771973
1700810759815479800,5.183479736328125,8.514080047607422,4.721365928649902,0.2298433631658554
1700810759825480000,5.19347998046875,8.499714851379395,4.730942726135254,0.2082955539226532
1700810759835479800,5.203479736328125,8.533234596252441,4.750096321105957,0.17477671802043915
1700810759845480000,5.21347998046875,8.626607894897461,4.757278919219971,0.090979665517807
1700810759855479800,5.223479736328125,8.696040153503418,4.76924991607666,0.009576806798577309
1700810759865480000,5.23347998046875,8.722375869750977,4.793191909790039,-0.0454898327589035
1700810759875479800,5.243479736328125,8.691251754760742,4.800374507904053,0.014365210197865963
1700810759885480000,5.25347998046875,8.696040153503418,4.747702121734619,0.09816227108240128
1700810759895479800,5.263479736328125,8.700828552246094,4.6950297355651855,0.21787235140800476
1700810759905480000,5.27347998046875,8.68406867980957,4.642356872558594,0.272938996553421
1700810759915479800,5.283479736328125,8.65054988861084,4.627991676330566,0.2753331959247589
1700810759925480000,5.29347998046875,8.605060577392578,4.668693542480469,0.2106897532939911
1700810759935479800,5.303479736328125,8.538022994995117,4.7405195236206055,0.08858546614646912
1700810759945480000,5.31347998046875,8.492532730102539,4.793191909790039,0.014365210197865963
1700810759955479800,5.323479736328125,8.425495147705078,4.845864295959473,-0.016759412363171577
1700810759965480000,5.33347998046875,8.430283546447754,4.845864295959473,0.05746084079146385
1700810759975479800,5.343479736328125,8.430283546447754,4.812345504760742,0.17956513166427612
1700810759985480000,5.35347998046875,8.456619262695312,4.757278919219971,0.2801215946674347
1700810759995479800,5.363479736328125,8.528446197509766,4.707000732421875,0.304063618183136
1700810760005480000,5.37347998046875,8.657732963562012,4.668693542480469,0.24899697303771973
1700810760015479800,5.383479736328125,8.712799072265625,4.67827033996582,0.15322890877723694
1700810760025480000,5.39347998046875,8.719982147216797,4.707000732421875,0.05746084079146385
1700810760035479800,5.403479736328125,8.691251754760742,4.774038314819336,0.002394201699644327
1700810760045480000,5.41347998046875,8.573935508728027,4.831499099731445,-0.08379705995321274
1700810760055479800,5.423479736328125,8.530839920043945,4.855441093444824,0.05746084079146385
1700810760065480000,5.43347998046875,8.46859073638916,4.824316501617432,0.08379705995321274
1700810760075479800,5.443479736328125,8.336909294128418,4.81473970413208,0.18914192914962769
1700810760085480000,5.45347998046875,8.34409236907959,4.812345504760742,0.2992752194404602
1700810760095479800,5.463479736328125,8.456619262695312,4.745307922363281,0.272938996553421
1700810760105480000,5.47347998046875,8.569147109985352,4.692635536193848,0.2082955539226532
1700810760115479800,5.483479736328125,8.70561695098877,4.666299343109131,0.11971008777618408
1700810760125480000,5.49347998046875,8.724770545959473,4.728548526763916,0.06224924325942993
1700810760135479800,5.503479736328125,8.691251754760742,4.759673118591309,0.047884032130241394
1700810760145480000,5.51347998046875,8.609848976135254,4.72376012802124,0.11013327538967133
1700810760155479800,5.523479736328125,8.530839920043945,4.716577529907227,0.17956513166427612
1700810760165480000,5.53347998046875,8.430283546447754,4.721365928649902,0.23942017555236816
1700810760175479800,5.543479736328125,8.394370079040527,4.742913722991943,0.2777273952960968
1700810760185480000,5.55347998046875,8.396764755249023,4.721365928649902,0.2849099934101105
1700810760195479800,5.563479736328125,8.485349655151367,4.663905143737793,0.26336219906806946
1700810760205480000,5.57347998046875,8.609848976135254,4.67827033996582,0.21547815203666687
1700810760215479800,5.583479736328125,8.70561695098877,4.659116744995117,0.10055647045373917
1700810760225480000,5.59347998046875,8.875604629516602,4.704606533050537,0.028730420395731926
1700810760235479800,5.603479736328125,8.942642211914062,4.759673118591309,0.021547814831137657
1700810760245480000,5.61347998046875,8.909123420715332,4.764461517333984,0.038307227194309235
1700810760255479800,5.623479736328125,8.779836654663086,4.7620673179626465,0.07422025501728058
1700810760265480000,5.63347998046875,8.605060577392578,4.752490520477295,0.16998831927776337
1700810760275479800,5.643479736328125,8.480561256408691,4.754884719848633,0.1867477297782898
1700810760285480000,5.65347998046875,8.463802337646484,4.793191909790039,0.09576806426048279
1700810760295479800,5.663479736328125,8.521263122558594,4.807557106018066,0.05027823522686958
1700810760305480000,5.67347998046875,8.561964988708496,4.786009311676025,0.0454898327589035
1700810760315479800,5.683479736328125,8.61463737487793,4.752490520477295,0.07900865375995636
1700810760325480000,5.69347998046875,8.609848976135254,4.7405195236206055,0.16998831927776337
1700810760335479800,5.703479736328125,8.636184692382812,4.728548526763916,0.2346317619085312
1700810760345480200,5.713480224609375,8.664915084838867,4.704606533050537,0.17238251864910126
1700810760355480000,5.72347998046875,8.753500938415527,4.697423934936523,0.09576806426048279
1700810760365480200,5.733480224609375,8.755894660949707,4.707000732421875,0.06464344263076782
1700810760375480000,5.74347998046875,8.655338287353516,4.709394931793213,0.023942016065120697
1700810760385480200,5.753480224609375,8.509291648864746,4.757278919219971,0.11971008777618408
1700810760395480000,5.76347998046875,8.339303970336914,4.754884719848633,0.17717093229293823
1700810760405480200,5.773480224609375,8.2219877243042,4.766855716705322,0.2513911724090576
1700810760415480000,5.78347998046875,8.241141319274902,4.764461517333984,0.2849099934101105
1700810760425480200,5.793480224609375,8.3800048828125,4.680664539337158,0.29209262132644653
1700810760435480000,5.80347998046875,8.573935508728027,4.663905143737793,0.26336219906806946
1700810760445480200,5.813480224609375,8.779836654663086,4.6471452713012695,0.2082955539226532
1700810760455479800,5.823479736328125,9.004891395568848,4.611232280731201,0.16759411990642548
1700810760465480000,5.83347998046875,9.10066032409668,4.623203277587891,0.07900865375995636
1700810760475479800,5.843479736328125,8.995314598083496,4.683058738708496,0.06464344263076782
1700810760485480000,5.85347998046875,8.748712539672852,4.716577529907227,0.12689268589019775
1700810760495479800,5.863479736328125,8.538022994995117,4.7405195236206055,0.1388636976480484
1700810760505480000,5.87347998046875,8.389581680297852,4.776432514190674,0.14365209639072418
1700810760515479800,5.883479736328125,8.300996780395508,4.786009311676025,0.16998831927776337
1700810760525480000,5.89347998046875,8.272266387939453,4.764461517333984,0.22744916379451752
1700810760535479800,5.903479736328125,8.303390502929688,4.742913722991943,0.2082955539226532
1700810760545480000,5.91347998046875,8.442254066467285,4.709394931793213,0.21787235140800476
1700810760555479800,5.923479736328125,8.633790969848633,4.6950297355651855,0.19632454216480255
1700810760565480000,5.93347998046875,8.849268913269043,4.644751071929932,0.16759411990642548
1700810760575479800,5.943479736328125,8.952219009399414,4.632780075073242,0.14365209639072418
1700810760585480000,5.95347998046875,8.92348861694336,4.666299343109131,0.14365209639072418
1700810760595479800,5.963479736328125,8.818143844604492,4.692635536193848,0.14844051003456116
1700810760605480000,5.97347998046875,8.662521362304688,4.7836151123046875,0.031124621629714966
1700810760615479800,5.983479736328125,8.554781913757324,4.831499099731445,0.026336219161748886
1700810760625480000,5.99347998046875,8.459013938903809,4.838681697845459,0.06464344263076782
1700810760635479800,6.003479736328125,8.308178901672363,4.833893299102783,0.1173158809542656
1700810760645479700,6.013479736328125,8.241141319274902,4.8051629066467285,0.19153612852096558
1700810760655479600,6.0234794921875,8.303390502929688,4.7620673179626465,0.19153612852096558
1700810760665479700,6.033479736328125,8.451830863952637,4.730942726135254,0.20111294090747833
1700810760675479600,6.0434794921875,8.55717658996582,4.683058738708496,0.17956513166427612
1700810760685480200,6.053480224609375,8.629002571105957,4.6950297355651855,0.15801730751991272
1700810760695480300,6.063480224609375,8.629002571105957,4.707000732421875,0.15322890877723694
1700810760705480000,6.07347998046875,8.59069538116455,4.711789131164551,0.08858546614646912
1700810760715479800,6.083479736328125,8.573935508728027,4.7189717292785645,0.09816227108240128
1700810760725480000,6.09347998046875,8.5595703125,4.742913722991943,0.12449848651885986
1700810760735479800,6.103479736328125,8.564358711242676,4.7189717292785645,0.15322890877723694
1700810760745480000,6.11347998046875,8.585906982421875,4.711789131164551,0.19871874153614044
1700810760755480000,6.12347998046875,8.664915084838867,4.692635536193848,0.2346317619085312
1700810760765480200,6.133480224609375,8.767866134643555,4.6471452713012695,0.3064578175544739
1700810760775480000,6.14347998046875,8.877999305725098,4.618414878845215,0.3208230137825012
1700810760785480200,6.153480224609375,8.89954662322998,4.596867084503174,0.29209262132644653
1700810760795637000,6.163636962890625,8.892364501953125,4.616020679473877,0.2298433631658554
1700810760805636900,6.173636962890625,8.79659652709961,4.683058738708496,0.13407529890537262
1700810760815637000,6.183636962890625,8.664915084838867,4.752490520477295,0.0454898327589035
1700810760825636900,6.193636962890625,8.5595703125,4.807557106018066,0.002394201699644327
1700810760835637000,6.203636962890625,8.50210952758789,4.800374507904053,0.023942016065120697
1700810760845636900,6.213636962890625,8.466196060180664,4.76924991607666,0.0454898327589035
1700810760855637000,6.223636962890625,8.492532730102539,4.7405195236206055,0.1628057211637497
1700810760865636900,6.233636962890625,8.50450325012207,4.709394931793213,0.24899697303771973
1700810760875637000,6.243636962890625,8.542811393737793,4.685452938079834,0.2968810200691223
1700810760885636900,6.253636962890625,8.595483779907227,4.6734819412231445,0.2992752194404602
1700810760895637000,6.263636962890625,8.619425773620605,4.663905143737793,0.2561795711517334
1700810760905636900,6.273636962890625,8.633790969848633,4.697423934936523,0.09816227108240128
1700810760915637000,6.283636962890625,8.595483779907227,4.778826713562012,0
1700810760925636900,6.293636962890625,8.482955932617188,4.802768707275391,-0.031124621629714966
1700810760935637000,6.303636962890625,8.368034362792969,4.78122091293335,0.014365210197865963
1700810760945636900,6.313636962890625,8.353669166564941,4.7620673179626465,0.09576806426048279
1700810760955637000,6.323636962890625,8.41112995147705,4.704606533050537,0.24660277366638184
1700810760965636900,6.333636962890625,8.494926452636719,4.630385875701904,0.31124621629714966
1700810760975637000,6.343636962890625,8.655338287353516,4.568136692047119,0.3208230137825012
1700810760985636400,6.35363623046875,8.789413452148438,4.558559894561768,0.31603461503982544
1700810760995636200,6.36363623046875,8.844480514526367,4.594472885131836,0.21787235140800476
1700810761005636600,6.37363671875,8.80856704711914,4.644751071929932,0.13407529890537262
1700810761015636700,6.38363671875,8.80856704711914,4.721365928649902,0.05746084079146385
1700810761025636600,6.39363671875,8.820538520812988,4.742913722991943,0.0694318488240242
1700810761035636700,6.40363671875,8.79659652709961,4.692635536193848,0.11252748221158981
1700810761045636600,6.41363671875,8.748712539672852,4.680664539337158,0.2298433631658554
1700810761055636700,6.42363671875,8.672098159790039,4.69024133682251,0.30885201692581177
1700810761065636600,6.43363671875,8.600272178649902,4.711789131164551,0.3016694188117981
1700810761075636700,6.44363671875,8.535628318786621,4.697423934936523,0.22266076505184174
1700810761085636600,6.45363671875,8.482955932617188,4.7189717292785645,0.1388636976480484
1700810761095636700,6.46363671875,8.50210952758789,4.697423934936523,0.11252748221158981
1700810761105636600,6.47363671875,8.59069538116455,4.69024133682251,0.10534487664699554
1700810761115636700,6.48363671875,8.621819496154785,4.685452938079834,0.08619125932455063
1700810761125636600,6.49363671875,8.640973091125488,4.714183330535889,0.11013327538967133
1700810761135636700,6.50363671875,8.652944564819336,4.709394931793213,0.09816227108240128
1700810761145636600,6.51363671875,8.578723907470703,4.726154327392578,0.11252748221158981
1700810761155636700,6.52363671875,8.463802337646484,4.771644115447998,0.09576806426048279
1700810761165636600,6.53363671875,8.363245964050293,4.797980308532715,0.12928688526153564
1700810761175636700,6.54363671875,8.363245964050293,4.776432514190674,0.14844051003456116
1700810761185636600,6.55363671875,8.394370079040527,4.702212333679199,0.19393034279346466
1700810761195636700,6.56363671875,8.535628318786621,4.668693542480469,0.2346317619085312
1700810761205636600,6.57363671875,8.696040153503418,4.630385875701904,0.22744916379451752
1700810761215636700,6.58363671875,8.787019729614258,4.644751071929932,0.17477671802043915
1700810761225636600,6.59363671875,8.846874237060547,4.649539470672607,0.1364694982767105
1700810761235636700,6.60363671875,8.803778648376465,4.649539470672607,0.13168109953403473
1700810761245636600,6.61363671875,8.765471458435059,4.649539470672607,0.1867477297782898
1700810761255636700,6.62363671875,8.698433876037598,4.668693542480469,0.16759411990642548
1700810761265636600,6.63363671875,8.59069538116455,4.716577529907227,0.13168109953403473
1700810761275636700,6.64363671875,8.518868446350098,4.699818134307861,0.1604115068912506
1700810761285636600,6.65363671875,8.509291648864746,4.687847137451172,0.2082955539226532
1700810761295636700,6.66363671875,8.566753387451172,4.649539470672607,0.22266076505184174
1700810761305636600,6.67363671875,8.660126686096191,4.620809078216553,0.20111294090747833
1700810761315636700,6.68363671875,8.74152946472168,4.608838081359863,0.22026655077934265
1700810761325636600,6.69363671875,8.734347343444824,4.651933670043945,0.17717093229293823
1700810761335636700,6.70363671875,8.679280281066895,4.675876140594482,0.12210428714752197
1700810761345636600,6.71363671875,8.631396293640137,4.685452938079834,0.17477671802043915
1700810761355636700,6.72363671875,8.626607894897461,4.651933670043945,0.1867477297782898
1700810761365636600,6.73363671875,8.629002571105957,4.63517427444458,0.21547815203666687
1700810761375636700,6.74363671875,8.700828552246094,4.649539470672607,0.15083470940589905
1700810761385636600,6.75363671875,8.722375869750977,4.6734819412231445,0.1628057211637497
1700810761395636700,6.76363671875,8.676886558532715,4.680664539337158,0.1628057211637497
1700810761405636600,6.77363671875,8.609848976135254,4.711789131164551,0.1412578970193863
1700810761415636700,6.78363671875,8.626607894897461,4.72376012802124,0.14604631066322327
1700810761425636600,6.79363671875,8.595483779907227,4.7189717292785645,0.13407529890537262
1700810761435636700,6.80363671875,8.5811185836792,4.6950297355651855,0.10534487664699554
1700810761445636600,6.81363671875,8.578723907470703,4.707000732421875,0.14844051003456116
1700810761455636700,6.82363671875,8.566753387451172,4.6950297355651855,0.1388636976480484
1700810761465636600,6.83363671875,8.549993515014648,4.6734819412231445,0.12928688526153564
1700810761475636700,6.84363671875,8.607454299926758,4.661510944366455,0.1364694982767105
1700810761485636600,6.85363671875,8.679280281066895,4.637568473815918,0.14365209639072418
1700810761495636700,6.86363671875,8.693645477294922,4.639962673187256,0.16759411990642548
1700810761505636600,6.87363671875,8.748712539672852,4.613626480102539,0.22266076505184174
1700810761515636700,6.88363671875,8.729558944702148,4.616020679473877,0.22505496442317963
1700810761525636600,6.89363671875,8.679280281066895,4.616020679473877,0.24181437492370605
1700810761535636700,6.90363671875,8.638579368591309,4.644751071929932,0.23702596127986908
1700810761545636600,6.91363671875,8.607454299926758,4.630385875701904,0.1628057211637497
1700810761555636700,6.92363671875,8.600272178649902,4.69024133682251,0.1388636976480484
1700810761565636600,6.93363671875,8.609848976135254,4.668693542480469,0.17238251864910126
1700810761575636700,6.94363671875,8.645761489868164,4.668693542480469,0.19632454216480255
1700810761585636900,6.953636962890625,8.688857078552246,4.659116744995117,0.2106897532939911
1700810761595636700,6.96363671875,8.79659652709961,4.63517427444458,0.2537853717803955
1700810761605636900,6.973636962890625,8.827720642089844,4.606443881988525,0.23702596127986908
1700810761615636700,6.98363671875,8.777442932128906,4.6255974769592285,0.22266076505184174
1700810761625636900,6.993636962890625,8.68167495727539,4.616020679473877,0.1628057211637497
1700810761635636700,7.00363671875,8.552388191223145,4.63517427444458,0.11252748221158981
1700810761645636900,7.013636962890625,8.499714851379395,4.683058738708496,0.06464344263076782
1700810761655636700,7.02363671875,8.530839920043945,4.699818134307861,0.047884032130241394
1700810761665636900,7.033636962890625,8.547599792480469,4.67827033996582,0.0694318488240242
1700810761675636700,7.04363671875,8.528446197509766,4.69024133682251,0.16759411990642548
1700810761685636900,7.053636962890625,8.499714851379395,4.702212333679199,0.3016694188117981
1700810761695636700,7.06363671875,8.518868446350098,4.651933670043945,0.38067805767059326
1700810761705636900,7.073636962890625,8.643367767333984,4.620809078216553,0.3064578175544739
1700810761715636700,7.08363671875,8.813355445861816,4.644751071929932,0.17477671802043915
1700810761725636900,7.093636962890625,8.889969825744629,4.644751071929932,0.10534487664699554
1700810761735636700,7.10363671875,8.837297439575195,4.668693542480469,0.0694318488240242
1700810761745636900,7.113636962890625,8.710405349731445,4.675876140594482,0.040701430290937424
1700810761755636700,7.12363671875,8.569147109985352,4.72376012802124,0.05267243832349777
1700810761765636600,7.13363671875,8.50450325012207,4.6950297355651855,0.1412578970193863
1700810761775636700,7.14363671875,8.552388191223145,4.666299343109131,0.19632454216480255
1700810761785636600,7.15363671875,8.636184692382812,4.654327869415283,0.21787235140800476
1700810761795636700,7.16363671875,8.715193748474121,4.613626480102539,0.2561795711517334
1700810761805636600,7.17363671875,8.763077735900879,4.5825018882751465,0.29209262132644653
1700810761815636700,7.18363671875,8.712799072265625,4.580107688903809,0.3423708379268646
1700810761825636600,7.19363671875,8.631396293640137,4.594472885131836,0.24660277366638184
1700810761835636700,7.20363671875,8.595483779907227,4.649539470672607,0.11252748221158981
1700810761845636600,7.21363671875,8.50450325012207,4.704606533050537,0.0694318488240242
1700810761855636700,7.22363671875,8.423100471496582,4.7405195236206055,0.06703764945268631
1700810761865636600,7.23363671875,8.403946876525879,4.730942726135254,0.10295066982507706
1700810761875636700,7.24363671875,8.418312072753906,4.687847137451172,0.1628057211637497
1700810761885636600,7.25363671875,8.538022994995117,4.666299343109131,0.22744916379451752
1700810761895636700,7.26363671875,8.664915084838867,4.637568473815918,0.33518823981285095
1700810761905636600,7.27363671875,8.755894660949707,4.575319290161133,0.3902548849582672
1700810761915636700,7.28363671875,8.791808128356934,4.546588897705078,0.3447650372982025
1700810761925636600,7.29363671875,8.810961723327637,4.572925090789795,0.28969839215278625
1700810761935636700,7.30363671875,8.715193748474121,4.630385875701904,0.09576806426048279
1700810761945636600,7.31363671875,8.68406867980957,4.699818134307861,-0.08858546614646912
1700810761955636700,7.32363671875,8.660126686096191,4.76924991607666,-0.038307227194309235
1700810761965636600,7.33363671875,8.631396293640137,4.759673118591309,0.047884032130241394
1700810761975636700,7.34363671875,8.631396293640137,4.699818134307861,0.19153612852096558
1700810761985636600,7.35363671875,8.68167495727539,4.69024133682251,0.2753331959247589
1700810761995636700,7.36363671875,8.719982147216797,4.661510944366455,0.3064578175544739
1700810762005636600,7.37363671875,8.755894660949707,4.668693542480469,0.26336219906806946
1700810762015636700,7.38363671875,8.79659652709961,4.627991676330566,0.17477671802043915
1700810762025636600,7.39363671875,8.736741065979004,4.63517427444458,0.13407529890537262
1700810762035636700,7.40363671875,8.600272178649902,4.659116744995117,0.021547814831137657
1700810762045636600,7.41363671875,8.454225540161133,4.7189717292785645,0.05267243832349777
1700810762055636700,7.42363671875,8.370428085327148,4.711789131164551,0.10773907601833344
1700810762065636600,7.43363671875,8.4015531539917,4.697423934936523,0.1388636976480484
1700810762075636700,7.44363671875,8.454225540161133,4.685452938079834,0.2082955539226532
1700810762085636600,7.45363671875,8.540416717529297,4.67827033996582,0.26096799969673157
1700810762095636700,7.46363671875,8.636184692382812,4.644751071929932,0.18914192914962769
1700810762105636600,7.47363671875,8.679280281066895,4.639962673187256,0.1604115068912506
1700810762115636700,7.48363671875,8.7175874710083,4.6255974769592285,0.181959331035614
1700810762125636600,7.49363671875,8.693645477294922,4.58968448638916,0.2106897532939911
1700810762135636700,7.50363671875,8.679280281066895,4.584896087646484,0.26815059781074524
1700810762145636600,7.51363671875,8.736741065979004,4.6040496826171875,0.24181437492370605
1700810762155636700,7.52363671875,8.813355445861816,4.632780075073242,0.1628057211637497
1700810762165636600,7.53363671875,8.846874237060547,4.69024133682251,0.12689268589019775
1700810762175636700,7.54363671875,8.827720642089844,4.697423934936523,0.05746084079146385
1700810762185636600,7.55363671875,8.779836654663086,4.721365928649902,0.10295066982507706
1700810762195636700,7.56363671875,8.712799072265625,4.72376012802124,0.17956513166427612
1700810762205636600,7.57363671875,8.676886558532715,4.661510944366455,0.2082955539226532
1700810762215636700,7.58363671875,8.636184692382812,4.611232280731201,0.28730419278144836
1700810762225636600,7.59363671875,8.597877502441406,4.580107688903809,0.33039984107017517
1700810762235636700,7.60363671875,8.564358711242676,4.546588897705078,0.31124621629714966
1700810762245636600,7.61363671875,8.52605152130127,4.525041103363037,0.3423708379268646
1700810762255636700,7.62363671875,8.626607894897461,4.627991676330566,0.3256114423274994
1700810762265636600,7.63363671875,8.535628318786621,4.580107688903809,0.1628057211637497
1700810762275636700,7.64363671875,8.492532730102539,4.525041103363037,0.11013327538967133
1700810762285636600,7.65363671875,8.449437141418457,4.608838081359863,0.26815059781074524
1700810762295636700,7.66363671875,8.387187957763672,4.611232280731201,0.3423708379268646
1700810762305636400,7.67363623046875,8.530839920043945,4.551377296447754,0.272938996553421
